"filename", "language", "JSON", "JavaScript", "HTML", "Markdown", "PostCSS", "JavaScript JSX", "XML", "comment", "blank", "total"
"/Users/waclaw/Projects/NetCoffee shop/backend/package.json", "JSON", 22, 0, 0, 0, 0, 0, 0, 0, 1, 23
"/Users/waclaw/Projects/NetCoffee shop/backend/server.js", "JavaScript", 0, 17, 0, 0, 0, 0, 0, 0, 8, 25
"/Users/waclaw/Projects/NetCoffee shop/backend/src/config/db.js", "JavaScript", 0, 12, 0, 0, 0, 0, 0, 0, 4, 16
"/Users/waclaw/Projects/NetCoffee shop/backend/src/config/multer.js", "JavaScript", 0, 10, 0, 0, 0, 0, 0, 0, 2, 12
"/Users/waclaw/Projects/NetCoffee shop/backend/src/controllers/auth.controller.js", "JavaScript", 0, 49, 0, 0, 0, 0, 0, 0, 11, 60
"/Users/waclaw/Projects/NetCoffee shop/backend/src/controllers/product.controller.js", "JavaScript", 0, 28, 0, 0, 0, 0, 0, 0, 6, 34
"/Users/waclaw/Projects/NetCoffee shop/backend/src/controllers/static.controller.js", "JavaScript", 0, 21, 0, 0, 0, 0, 0, 1, 8, 30
"/Users/waclaw/Projects/NetCoffee shop/backend/src/database/queries.js", "JavaScript", 0, 14, 0, 0, 0, 0, 0, 0, 2, 16
"/Users/waclaw/Projects/NetCoffee shop/backend/src/dto/product.dto.js", "JavaScript", 0, 10, 0, 0, 0, 0, 0, 0, 1, 11
"/Users/waclaw/Projects/NetCoffee shop/backend/src/middlewares/admin.middleware.js", "JavaScript", 0, 11, 0, 0, 0, 0, 0, 0, 2, 13
"/Users/waclaw/Projects/NetCoffee shop/backend/src/middlewares/auth.middleware.js", "JavaScript", 0, 13, 0, 0, 0, 0, 0, 0, 3, 16
"/Users/waclaw/Projects/NetCoffee shop/backend/src/repositories/product.repository.js", "JavaScript", 0, 41, 0, 0, 0, 0, 0, 1, 8, 50
"/Users/waclaw/Projects/NetCoffee shop/backend/src/repositories/static.repository.js", "JavaScript", 0, 19, 0, 0, 0, 0, 0, 0, 2, 21
"/Users/waclaw/Projects/NetCoffee shop/backend/src/repositories/user.repository.js", "JavaScript", 0, 23, 0, 0, 0, 0, 0, 0, 3, 26
"/Users/waclaw/Projects/NetCoffee shop/backend/src/routes/auth.router.js", "JavaScript", 0, 9, 0, 0, 0, 0, 0, 0, 2, 11
"/Users/waclaw/Projects/NetCoffee shop/backend/src/routes/index.js", "JavaScript", 0, 9, 0, 0, 0, 0, 0, 1, 3, 13
"/Users/waclaw/Projects/NetCoffee shop/backend/src/routes/product.router.js", "JavaScript", 0, 9, 0, 0, 0, 0, 0, 0, 2, 11
"/Users/waclaw/Projects/NetCoffee shop/backend/src/routes/static.router.js", "JavaScript", 0, 10, 0, 0, 0, 0, 0, 0, 4, 14
"/Users/waclaw/Projects/NetCoffee shop/backend/src/routes/types.router.js", "JavaScript", 0, 0, 0, 0, 0, 0, 0, 0, 1, 1
"/Users/waclaw/Projects/NetCoffee shop/backend/users.js", "JavaScript", 0, 19, 0, 0, 0, 0, 0, 0, 5, 24
"/Users/waclaw/Projects/NetCoffee shop/frontend/README.md", "Markdown", 0, 0, 0, 38, 0, 0, 0, 0, 33, 71
"/Users/waclaw/Projects/NetCoffee shop/frontend/build/asset-manifest.json", "JSON", 15, 0, 0, 0, 0, 0, 0, 0, 0, 15
"/Users/waclaw/Projects/NetCoffee shop/frontend/build/index.html", "HTML", 0, 0, 1, 0, 0, 0, 0, 0, 0, 1
"/Users/waclaw/Projects/NetCoffee shop/frontend/build/manifest.json", "JSON", 25, 0, 0, 0, 0, 0, 0, 0, 1, 26
"/Users/waclaw/Projects/NetCoffee shop/frontend/build/static/css/main.39de081c.css", "PostCSS", 0, 0, 0, 0, 1, 0, 0, 1, 0, 2
"/Users/waclaw/Projects/NetCoffee shop/frontend/build/static/js/317.832bc827.chunk.js", "JavaScript", 0, 1, 0, 0, 0, 0, 0, 1, 0, 2
"/Users/waclaw/Projects/NetCoffee shop/frontend/build/static/js/main.800b790e.js", "JavaScript", 0, 1, 0, 0, 0, 0, 0, 2, 0, 3
"/Users/waclaw/Projects/NetCoffee shop/frontend/package.json", "JSON", 40, 0, 0, 0, 0, 0, 0, 0, 1, 41
"/Users/waclaw/Projects/NetCoffee shop/frontend/public/index.html", "HTML", 0, 0, 20, 0, 0, 0, 0, 23, 1, 44
"/Users/waclaw/Projects/NetCoffee shop/frontend/public/manifest.json", "JSON", 25, 0, 0, 0, 0, 0, 0, 0, 1, 26
"/Users/waclaw/Projects/NetCoffee shop/frontend/src/api/axiosInstance.js", "JavaScript", 0, 29, 0, 0, 0, 0, 0, 0, 7, 36
"/Users/waclaw/Projects/NetCoffee shop/frontend/src/api/products.js", "JavaScript", 0, 6, 0, 0, 0, 0, 0, 0, 3, 9
"/Users/waclaw/Projects/NetCoffee shop/frontend/src/assets/icons/byn-ico.svg", "XML", 0, 0, 0, 0, 0, 0, 1, 0, 0, 1
"/Users/waclaw/Projects/NetCoffee shop/frontend/src/context/AuthContext.jsx", "JavaScript JSX", 0, 0, 0, 0, 0, 58, 0, 0, 9, 67
"/Users/waclaw/Projects/NetCoffee shop/frontend/src/data/types.js", "JavaScript", 0, 5, 0, 0, 0, 0, 0, 0, 0, 5
"/Users/waclaw/Projects/NetCoffee shop/frontend/src/global.css", "PostCSS", 0, 0, 0, 0, 34, 0, 0, 0, 8, 42
"/Users/waclaw/Projects/NetCoffee shop/frontend/src/hooks/useAuth.js", "JavaScript", 0, 10, 0, 0, 0, 0, 0, 0, 3, 13
"/Users/waclaw/Projects/NetCoffee shop/frontend/src/hooks/useProducts.js", "JavaScript", 0, 0, 0, 0, 0, 0, 0, 0, 1, 1
"/Users/waclaw/Projects/NetCoffee shop/frontend/src/index.js", "JavaScript", 0, 18, 0, 0, 0, 0, 0, 3, 3, 24
"/Users/waclaw/Projects/NetCoffee shop/frontend/src/logo.svg", "XML", 0, 0, 0, 0, 0, 0, 1, 0, 0, 1
"/Users/waclaw/Projects/NetCoffee shop/frontend/src/presentation/shared/components/navbar/index.js", "JavaScript", 0, 1, 0, 0, 0, 0, 0, 0, 0, 1
"/Users/waclaw/Projects/NetCoffee shop/frontend/src/presentation/shared/components/navbar/navbar.component.jsx", "JavaScript JSX", 0, 0, 0, 0, 0, 42, 0, 35, 1, 78
"/Users/waclaw/Projects/NetCoffee shop/frontend/src/presentation/shared/components/navbar/navbar.module.css", "PostCSS", 0, 0, 0, 0, 94, 0, 0, 0, 17, 111
"/Users/waclaw/Projects/NetCoffee shop/frontend/src/presentation/shared/components/productCard/ProductCard.jsx", "JavaScript JSX", 0, 0, 0, 0, 0, 21, 0, 0, 5, 26
"/Users/waclaw/Projects/NetCoffee shop/frontend/src/presentation/shared/components/productCard/index.js", "JavaScript", 0, 1, 0, 0, 0, 0, 0, 0, 0, 1
"/Users/waclaw/Projects/NetCoffee shop/frontend/src/presentation/shared/components/productCard/product.module.css", "PostCSS", 0, 0, 0, 0, 63, 0, 0, 0, 11, 74
"/Users/waclaw/Projects/NetCoffee shop/frontend/src/presentation/shared/components/screen/index.js", "JavaScript", 0, 1, 0, 0, 0, 0, 0, 0, 0, 1
"/Users/waclaw/Projects/NetCoffee shop/frontend/src/presentation/shared/components/screen/screen.component.jsx", "JavaScript JSX", 0, 0, 0, 0, 0, 8, 0, 0, 1, 9
"/Users/waclaw/Projects/NetCoffee shop/frontend/src/presentation/shared/components/screen/screen.module.css", "PostCSS", 0, 0, 0, 0, 4, 0, 0, 0, 0, 4
"/Users/waclaw/Projects/NetCoffee shop/frontend/src/presentation/shared/index.js", "JavaScript", 0, 1, 0, 0, 0, 0, 0, 0, 0, 1
"/Users/waclaw/Projects/NetCoffee shop/frontend/src/presentation/web/admin/admin.jsx", "JavaScript JSX", 0, 0, 0, 0, 0, 21, 0, 0, 3, 24
"/Users/waclaw/Projects/NetCoffee shop/frontend/src/presentation/web/admin/admin.module.css", "PostCSS", 0, 0, 0, 0, 15, 0, 0, 0, 1, 16
"/Users/waclaw/Projects/NetCoffee shop/frontend/src/presentation/web/admin/index.js", "JavaScript", 0, 1, 0, 0, 0, 0, 0, 0, 0, 1
"/Users/waclaw/Projects/NetCoffee shop/frontend/src/presentation/web/auth/auth.module.css", "PostCSS", 0, 0, 0, 0, 77, 0, 0, 0, 11, 88
"/Users/waclaw/Projects/NetCoffee shop/frontend/src/presentation/web/auth/login/index.js", "JavaScript", 0, 1, 0, 0, 0, 0, 0, 0, 0, 1
"/Users/waclaw/Projects/NetCoffee shop/frontend/src/presentation/web/auth/login/login.jsx", "JavaScript JSX", 0, 0, 0, 0, 0, 72, 0, 0, 11, 83
"/Users/waclaw/Projects/NetCoffee shop/frontend/src/presentation/web/auth/register/index.js", "JavaScript", 0, 1, 0, 0, 0, 0, 0, 0, 1, 2
"/Users/waclaw/Projects/NetCoffee shop/frontend/src/presentation/web/auth/register/register.jsx", "JavaScript JSX", 0, 0, 0, 0, 0, 72, 0, 0, 11, 83
"/Users/waclaw/Projects/NetCoffee shop/frontend/src/presentation/web/errors/forbidden/forbidden.jsx", "JavaScript JSX", 0, 0, 0, 0, 0, 8, 0, 0, 1, 9
"/Users/waclaw/Projects/NetCoffee shop/frontend/src/presentation/web/errors/forbidden/index.js", "JavaScript", 0, 1, 0, 0, 0, 0, 0, 0, 0, 1
"/Users/waclaw/Projects/NetCoffee shop/frontend/src/presentation/web/home/home.jsx", "JavaScript JSX", 0, 0, 0, 0, 0, 43, 0, 0, 8, 51
"/Users/waclaw/Projects/NetCoffee shop/frontend/src/presentation/web/home/home.module.css", "PostCSS", 0, 0, 0, 0, 14, 0, 0, 0, 3, 17
"/Users/waclaw/Projects/NetCoffee shop/frontend/src/presentation/web/home/index.js", "JavaScript", 0, 1, 0, 0, 0, 0, 0, 0, 0, 1
"/Users/waclaw/Projects/NetCoffee shop/frontend/src/reportWebVitals.js", "JavaScript", 0, 12, 0, 0, 0, 0, 0, 0, 2, 14
"/Users/waclaw/Projects/NetCoffee shop/frontend/src/routes/AppRoutes.jsx", "JavaScript JSX", 0, 0, 0, 0, 0, 23, 0, 0, 3, 26
"/Users/waclaw/Projects/NetCoffee shop/frontend/src/routes/ProtectedRoutes.jsx", "JavaScript JSX", 0, 0, 0, 0, 0, 19, 0, 0, 6, 25
"/Users/waclaw/Projects/NetCoffee shop/frontend/src/setupProxy.js", "JavaScript", 0, 11, 0, 0, 0, 0, 0, 0, 3, 14
"/Users/waclaw/Projects/NetCoffee shop/package-lock.json", "JSON", 18610, 0, 0, 0, 0, 0, 0, 0, 1, 18611
"/Users/waclaw/Projects/NetCoffee shop/package.json", "JSON", 17, 0, 0, 0, 0, 0, 0, 0, 1, 18
"Total", "-", 18754, 426, 21, 38, 302, 387, 2, 68, 250, 20248